"PERSONAJE","VARIANTES","ORIGEN","FACCION","ACTIVIDAD","CARGO","COMMENT","PAGE","CONTEXTO","URL_IMAGEN"
"Pero Hernández",,"conquistador","alvarista","administrativo","escribano","Refiere a Pero Hernández, de origen andaluz. Secretario y escribano en el Paraguay, redactó esta obra dirigida al infante Don Carlos,relatando la expedición de Alvar Núñez Cabeza de Vaca, con datos etnohistóricos y geográficos, así como los sucesos acaecidos a éste en Paraguay.",,,
"Pedro de Mendoza","Pedro de Mendoza y Luján","conquistador","alvarista","militar","adelantado","Refiere a Pedro de Mendoza o Pedro de Mendoza y Luján (Granada, 1499-Océano Atlántico, 23 de junio de 1537), militar de familia noble, caballero de Alcántara desde 1524, almirante y conquistador español, nombrado por el emperador Carlos V como primer adelantado del Río de la Plata y gobernador de la Nueva Andalucía, cuyo territorio comprendía desde el límite sur de la Gobernación de Nueva Toledo que fue concedida a Diego de Almagro, límite norte de la gobernación de Nueva León que fue concedida a Simón de Alcazaba y Sotomayor, al sur. Una vez en Sudamérica, cumpliendo el mandato de adelantado, erigió la primera urbe rioplatense-paraguaya, convirtiéndose así en el fundador de la primera ciudad de Buenos Aires, el 3 de febrero de 1536, la cual duraría unos cinco años.",,,"https://www.ecured.cu/images/thumb/9/94/Pedrodemendozas.jpg/260px-Pedrodemendozas.jpg"
"Melchor Nuñez","Melchor Núñez Vaca","conquistador","alvarista","militar","capitán","Refiere a Melchor Núñez Vaca, natural de Puebla de Montalban. Llegó en la expedición de Álvar Núñez. Partidario de éste.",,,
"Luis de Miranda","Luis de Miranda de Villafaña o Villafañe","conquistador","alvarista","militar","dramaturgo","Refiere a Luis de Miranda de Villafaña o Villafañe, Plasencia, s. XVI - c. 1575, dramaturgo, soldado, clérigo y poeta español. Clérigo-conquistador, militó en los tercios españoles que peleaban en Francia e Italia. Luego sirvió al estado clerical, cultivó la comedia y dejó valiosas muestras de su estilo poético. Hijo de Antonio de Miranda y Catalina Álvarez de Villafañe. Se embarcó hacia el Río de la Plata en la expedición del adelantado Pedro de Mendoza.Con la expedición de Ruiz Galán llegó a Corpus Christi y se asentó como párroco de este pueblo. Fue partidario y amigo de Álvar Núñez. Compuso Romance elegiaco en 1537 sobre la conquista del Río de la Plata y es considerado la primera composición literaria rioplatense.",,,
"Alvar Nuñez Cabeza de Vaca","Cabeza de Vaca","conquistador","alvarista","militar","gobernador","Refiere a Álvar Núñez Cabeza de Vaca (Jerez de la Frontera, 1488/1490 - Sevilla, 27/05/1559) fue un descubridor y conquistador español que exploró la costa sur de Norteamérica desde la actual Florida pasando por Alabama, Misisipi y Luisiana y se adentró en Texas, Nuevo México, Arizona​ y en el norte de México hasta llegar al Golfo de California, territorios que pasaron a anexionarse al Imperio Español dentro del Virreinato de Nueva España. El rey Carlos I de España le otorgó el título de Segundo Adelantado y lo nombró capitán general y gobernador del Río de la Plata, Paranáguazu y sus anexos.​ y fue el primer europeo en llegar a las cataratas del Iguazú y que exploró el curso del río Paraguay.",,,"https://upload.wikimedia.org/wikipedia/commons/2/2c/Cabeza_de_Vaca_Portrait.jpg"
"Pedro de Melina","Pedro de Molina","conquistador","alvarista","militar","regidor","Refiere a Pedro de Molina o Melina. Regidor.",,,
"Antón del Castillo","Anton Martin del Castillo","conquistador","alvarista","militar",,,,,
"Antonio Higuera",,"conquistador","alvarista","militar",,,,,
"Cristoval Brabo","Xrispoval Bravo","conquistador","alvarista","militar",,"Refiere a Xrispoval Bravo, natural de Valladolid.",,,
"Francisco de Loudoño",,"conquistador","alvarista","militar",,,,,
"Francisco Delgadillo",,"conquistador","alvarista","militar",,,,,
"Franco Ruiz","Francisco Ruíz Galan, Francisco Ruiz de Galán ","conquistador","alvarista","militar",,"Refiere a Francisco Ruiz Galán o menos conocido como Francisco Ruiz de Galán (n. Guadix de Granada, Corona de Castilla, 1500 - isla Santa Catalina, Imperio español, finales de 1541) fue un militar y conquistador español que con el grado de capitán fue nombrado por el adelantado Pedro de Mendoza como el primer teniente de gobernador de Buen Ayre, Corpus Christi y Buena Esperanza en 1537, hasta que fuera abandonada e incendiada la primera Buenos Aires, a finales de junio de 1541.",,,
"Francisco Garcia",,"conquistador","alvarista","militar",,"Refiere a Francisco García, natural de Jaén.",,,
"Gonzalo Portillo",,"conquistador","alvarista","militar",,"Refiere a Gonzalo Portillo, natural de Segovia.",,,
"Gregorio de Acosta",,"conquistador","alvarista","militar",,"Refiere a Gregorio de Acosta, natural de Lisboa. Llegó al Río de la Plata con Pedro de Mendoza.",,,
"Juan de Sotelo",,"conquistador","alvarista","militar",,,,,
"Pedro de Esquivel",,"conquistador","alvarista","militar",,,,,
"Pedro Estopiña Cabeza de Vaca",,"conquistador","alvarista","militar",,"Refiere a Pedro Estupiñán Cabeza de Vaca (Cádiz, 1490 – Lima, s. XVI). Descubridor, conquistador y militar. Hijo de Pedro de Estopiñán, conquistador de Melilla, y primo de Alvar Núñez Cabeza de Vaca, a quien acompañó en la expedición a Río de la Plata.",,,
"Alonso del Castillo",,"conquistador","alvarista","militar",,,,,
"Luis de Herresuelo","Luis de Herrezuelo","conquistador","alvarista","religioso","gerónimo","Refiere a Luis de Herrezuelo, natural de Sevilla. Religioso, misionero de la Orden de San Jerónimo (OSH). Llegó a Río de la Plata en la expedición de Pedro de Mendoza en 1536. Edificó en Asunción el convento bajo la advocación de Nuestra Señora de Guadalupe. Con la extinción de esa orden a finales del siglo XVI, quedó identificado como el “sitio de San Jerónimo”. Fue defensor de la disciplina y el orden, defendió al adelantado Alvar Núñez Cabeza de Vaca cuando éste quiso imponer pautas en Asunción. Durante el juicio dirimido por Irala en 1544, con litigantes a los franciscanos Bernardo de Armenta y Alonso Lebrón y por otro, a Luis de Herrezuelo, que amparaba al sobrino de Alvar Núñez, Pedro Estopiñón. Herrezuelo apoyó al adelantado cuando fue depuesto en 1544 y se embarcó en el mismo navío que lo condujo preso a España. Llegó a ser prior del convento de Nuestra Señora del Valle en la ciudad de Écija.",,,
"Juan de Zalazar",,"conquistador","alvarista","religioso","mercedario","Refiere a Juan de Salazar, religioso de la Orden de la Merced, llegó al Río de la Plata con la expedición de Pedro de Mendoza. Con la expedición del Teniente de Gobernador Francisco Ruiz Galán llegó a Asunción. Fue partidario de Álvar Núñez.",,,
"Francisco Gonzalez Paniagua",,"conquistador","alvarista","religioso",,"Refiere a Francisco González Paniagua, Toledo, s. XVI – s. XVII. Sacerdote, canónigo, rector y deán de la catedral. Fue capellán en Alcolea de Tajo (Toledo). Fue designado canónigo en Quito en 1540. Llegó al Río de la Plata con el segundo adelantado Álvar Núñez Cabeza de Vaca y allí se vio envuelto en las luchas entre conquistadores, actuando más de una vez como componedor. Fue cura rector de la catedral, provisor y vicario general de la diócesis. Tuvo a su cargo los despachos de canónigos y desde 1558 fue deán de la catedral. Dio informes a la Corona acerca de la situación en América que trajo graves consecuencias por la división en bandos de la sociedad asunceña.",,,
"Alonso de Valenzuela",,"conquistador","iralista","militar","alcalde","Refiere a Alonso de Valenzuela, natural de Córdoba, caballero hidalgo, varias veces regidor y alcalde ordinario de Asunción, en 1577 fue capitán y justicia mayor de Ciudad Real en el Guairá.",,,
"Pero Diaz del Valle","Pero Diaz del Valle, Pero Diaz","conquistador","iralista","administrativo","alcalde","Refiere a Pero Diaz del Valle, fue nombrado alcalde mayor de Asunción por Domingo Martínez de Irala.",,,
"Felipe de Cáceres",,"conquistador","iralista","administrativo","contador","Refiere a Felipe de Cáceres. España, 1515-Virreinato español, 1595. Conquistador, explorador y colonizador español, se desempeñó como gobernador interino del Río de la Plata y del Paraguay, con sede en Asunción, entre 1568 y 1572. Cumplió funciones como contador y tesorero en la armada de Pedro de Mendoza. Fue uno de los líderes de la facción contraria a Cabeza de Vaca, estuvo implicado en todas las maniobras que condujeron a su destitución, prisión y destierro.",,,
"Juan de Cáceres",,"conquistador","iralista","administrativo","contador","Juan de Cáceres cumplió funciones como contador y tesorero en la armada de Pedro de Mendoza y luego, en la conquista del Río de la Plata. Uno de los líderes de la facción contraria Cabeza de Vaca, estuvo implicado en todas las maniobras que condujeron a su destitución, prisión y destierro.",,,
"Baldes","Juan de Valdéz y Palenzuela, Juan Valdes de Palenzuela","conquistador","iralista","administrativo","escribano","Refiere a  Juan de Valdéz y Palenzuela, Juan Valdes de Palenzuela, escribano real, quien refrendó el acto fundacional de Asunción.",,,
"Bartolomé Gonzalez","Bartolomé González de Villaverde","conquistador","iralista","administrativo","escribano","Refiere a Bartolomé González de Villaverde (León, 1512 – Asunción, 1586). Hidalgo, explorador, conquistador, escribano y encomendero español, expedicionario de Pedro de Mendoza en 1535 y de Álvar Núñez Cabeza de Vaca en 1542, y que desde este último año se desempeñara en sus funciones en la ciudad de Asunción. Escribano real de esa ciudad, participó en la sublevación contra Cabeza de Vaca.",,,
"Pedro Dorantes","Pedro de Orantes, Pedro Orante","conquistador","iralista","administrativo","factor","O Pedro Orante (Salamanca, 1506–Asunción, 1580). Factor real con destino al Río de la Plata, en la expedición de Núñez Cabeza de Vaca, en 1540. En 1543 De Orantes escribió cartas al Rey, pidiendo que mandase un procurador para defender los intereses de los indios. La mala situación entre el adelantado y sus oficiales reales hizo que se conjuraran, bajo órdenes de Ñuflo de Chaves y De Orantes. Fue vuelto a España, custodiado por García Venegas y Alonso Cabrera.",,,
"Andres Fernandez","Andrés Hernandez, Hernández","conquistador","iralista","administrativo","tesorero","Refiere a Andrés Hernández y Romo o Andrés Fernández, el Romo. Vecino de Córdoba. Quien tomó, como mujer, a la hija del cacique Moquirasé al conocer la noticia de la muerte de Venegas. Fue padrastro de Isabel de Venegas. Fue Tesorero real.",,,
"Garcia Benegas","Garcia Venegas, Garci Venegas de Hoces","conquistador","iralista","administrativo","tesorero","Refiere a Garci Venegas de Hoces (España, 1514 - 1547). Llegó a Río de la Plata junto a Pedro de Mendoza. Fue tesorero real y capitán de Buena Esperanza. Prestó servicios en Asunción por órdenes de Domingo de Irala, bajo el cargo de Regidor de su Cabildo. Fue opositor a Álvar Núñez Cabeza de Vaca, quien lo encarceló por ejercer de tesorero sin nombramiento real en 1543. Se casó con una indígena guaraní, hija del cacique Moquirasé. Llevó a España al citado funcionario y poco tiempo después falleció en la metrópoli.",,,
"Alonso de Angulo",,"conquistador","iralista","militar","alcalde","Refiere a Alonso de Angulo, natural de Córdoba, alcalde ordinario de la ciudad de Asunción.",,,
"Francisco Galan",,"conquistador","iralista","militar","alcalde","Refiere a Francisco Galán, natural de Cádiz, llegó al Río de la Plata con la expedición de Pedro de Mendoza. Alcalde de Asunción.",,,
"Bartolomé de la Amarilla",,"conquistador","iralista","militar","alguacil","Capitán natural de Trujillo, alguacil de Asunción.",,,
"Juan de Salazar Despinosa","Juan de Salazar y Espinoza, Juan Salazar, Juan de Salazar","conquistador","iralista","militar","capitán","Refiere a Juan de Salazar y Espinoza (España, 1508 - Asunción, 1560), figura política importante en la colonización del Río de la Plata. Capitán de  Pedro de Mendoza a quien el Adelantado le encargó la misión de seguir la huella de Juan de Ayolas río arriba. En 1537 fundó un fuerte en la confluencia de los ríos Paraguay y Pilcomayo, con el acuerdo de los guaraníes carios de la región, fue uno de los negociadores españoles más eficaces y respectados. En 1555, fue reconocido como Regidor y Tesorero de Asunción, después de reconocer a Irala como gobernador.",,,
"Domingo de Irala",,"conquistador","iralista","militar","gobernador","Refiere a Domingo Martínez de Irala. Castilla, 1509 - Asunción del Paraguay, 03/10/1556. Conquistador y colonizador español. Ocupó tres veces el cargo de gobernador interino del Río de la Plata y del Paraguay, en los períodos de 1539 a 1542, de 1544 hasta 1548 y por último desde 1549. Carlos V lo nombró como titular en el cargo en 1555, lo sería hasta su fallecimiento. Líder de la conspiración contra Cabeza de Vaca luego de cederle el cargo de gobernador",,,"https://commons.wikimedia.org/wiki/File:Domingo_Mart%C3%ADnez_de_Irala.jpg"
"Francisco de Vergara",,"conquistador","iralista","militar","gobernador","Refiere a Francisco Ortiz de Vergara (Sevilla 1524 – Banda Oriental, 02/12/1574) hidalgo, explorador. Sucedió a Gonzalo de Mendoza, luego de su fallecimiento, como gobernador interino del Río de la Plata y del Paraguay, siendo el primer electo de toda la América española, con sede en Asunción. Era hermano del teniente de gobernador del Guayrá, el capitán Ruy Díaz de Melgarejo, y yerno de Domingo de Irala.",,,
"Alonso Cabrera","Cabrera","conquistador","iralista","militar",,"Refiere a Alonso de Cabrera (España, s.XVI–1556). Veedor de la expedición que acudió en 1539 al Río de la Plata, para socorrer a los hombres de Mendoza. Litigó con Francisco Ruiz Galán y apoyó a Martínez Irala como nuevo gobernador, fundamental para realizar la despoblación de Buenos Aires en 1541 y, enfrentar a Núñez Cabeza de Vaca. Volvió a España, con argumentos judiciales que justificaron su derrocamiento, y para representar a los primeros conquistadores del Río de la Plata en los tribunales regios.",,,
"Galiano de Neyra","Galeano de Neyra","conquistador","iralista","militar",,"Refiere a Galeano de Neyra, natural de Valencia de Alcántara, espadero que llegó con la expedición de Pedro de Mendoza al Río de la Plata.",,,
"Zoilo de Solórzano","Solorzano","conquistador","iralista","militar",,"Refiere a Zoilo de Solórzano, natural de Vizcaya, 1510. Probablemente arribó al Río de la Plata con Diego de Mendoza. Junto con el capitán Irala y el adelantado Álvarez Núñez Cabeza de Vaca exploró el norte del Río de lLa Plata. Asistió a la elección de teniente gobernador del capitán Irala, en 1549.",,,
"Pero Benites","Pero Benites de Lugo, Pedro Benítez de Lugo","conquistador","iralista","militar","regidor","Refiere a Pedro Benítez de Lugo, natural de Tenerife, primo del adelantado Pedro Fernández de Lugo. Llegó al Río de la Plata con Mendoza.",,,
"Francisco de Mendoza",,"conquistador","iralista","militar","teniente de gobernador","Refiere a Francisco de Mendoza. España, 1515 - Asunción, 1547. Hidalgo, capitán y conquistador español. Acompañó a Pedro de Mendoza, fue mediador entre Domingo de Irala y Ruiz Galán. Nombrado teniente de gobernador general de Asunción en 1539, fue parte de la facción de Domingo de Irala contra la de Álvar Núñez Cabeza de Vaca en 1545. Durante la larga expedición de Irala al Chaco, en 1547, los partidarios contra éste, recusaron el nombramiento de Mendoza y tras instaurar a Diego de Abreu como gobernador, ejecutaron a Mendoza.",,,
"Juan de Ortega",,"conquistador","iralista","militar","teniente de gobernador","Juan de Ortega (Medina de Pomar de Burgos, 1510 - Asunción del Paraguay, 1575). Militar, colonizador y burócrata colonial español. Llegó a Buenos Aires con Pedro de Mendoza. Fue nombrado teniente de gobernador general de Asunción desde 1556, bajo la gestión de Gonzalo de Mendoza como gobernador interino del Río de la Plata y del Paraguay, y continuó en el puesto durante la gestión de Francisco Ortiz de Vergara, hasta mediados de 1569. Falleció en un levantamiento de indígenas en 1575 en Asunción.",,,
"Carlos de Guevara",,"conquistador","iralista","militar",,"Expedicionario junto a Pedro de Mendoza, nombrado por Carlos I, como factor y oficial real. Fue  capitán  de  la  nave  Santa  Catalina. En 1536, venció a los indios querandíes en  Corpus  Christi,  batalla  en  la  que  también participó  Schmidl. Murió,  junto  a  Ayolas, en  un  combate  contra  los  guaicurús.",,,
"Fernan Arias de Mansilla","Hernandarias de Mansilla, Fernando Arias","conquistador","iralista","militar",,"Refiere a Hernandarias de Mansilla de las Cuevas o Fernando Arias de Mansilla, (España, 1500 - ?). Expedicionario de la armada del adelantado Pedro de Mendoza. Participó en la rebelión contra Álvar Núñez Cabeza de Vaca.",,,
"Francisco Alvarez Gaitan"," Francisco Alvarez, Francisco Álvarez Gaytán","conquistador","iralista","militar",,"Refiere a Francisco Alvarez nacido en Zaragoza. Tuvo dos hijos con María, una india guaraní. Luis y Pedro Álvarez Gaytán, nacidos en Asunción, formaron parte de la expedición de Juan de Garay de la segunda fundación de la ciudad de Buenos Aires.",,,
"Francisco de Coimbra",,"conquistador","iralista","militar",,"Natural de Marbella, militar.",,,
"Juan de Ayolas",,"conquistador","iralista","militar",,"Refiere a Juan de Ayolas (Briviesca de la Bureba, Corona de Castilla, 1493 o ¿ca. 1510? – Candelaria del Chaco Boreal, gobernación del Río de la Plata y del Paraguay, 1538) era un explorador español que fuera vecino fundador de la primera Buenos Aires, acompañando al adelantado Pedro de Mendoza, y que nominalmente fuera nombrado como teniente de gobernador general de Asunción en 1537, para convertirse al poco tiempo y en forma igualmente nominal en gobernador del Río de la Plata y del Paraguay pero nunca ejercería como tal por estar en plena exploración.",,,
"Juan Xuare","Joan Juarez","conquistador","iralista","militar",,"Refiere a Joan Juarez, natural de Toledo.",,,
"Lopez de los Rios",,"conquistador","iralista","militar",,"Refiere a Lope de los Rios, guadamecilero, hijo de Pedro de los Ríos y de María de Sosa, uno de los principales conquistadores cordobeses acaudillados por Garci Venegas de Hoces.",,,
"Martin de Orue","Martín de Ouré","conquistador","iralista","militar",,"Refiere a Martín de Ouré, conquistador español nacido en Orduña en 1517. Llegó a Rio de la Plata con la expedición de Alonso Cabrera pero regresó muy pronto a España por desaveniencias con el jefe de la expedición. Regresó nuevamente a América en la expedición de Alvar Nuñez hacia el Paraguay y años más tarde se enemistó con él, tomando parte en la revolución que le quitó el mando. Fue hombre de confianza de Irala y más tarde lo fue también de Juan Ortiz de Zárate.",,,
"Alonso Lebron","Alonso Lebrón, fray Alonso","conquistador","iralista","religioso","franciscano","Fray Alonso Lebrón, natural de Canarias, de la orden franciscana. Llega a América en la expedición de Alonso Cabrera en 1538 con fray Bernardo de Armenta, a quien acompañó en todas sus misiones en el Río de la Plata. Su fidelidad a Armenta le valió la enemistad con Alvar Núñez Cabeza de Vaca.",,,
"Bernardo de Armenta","Bernardo de Armentia, Fray Bernardo","conquistador","iralista","religioso","franciscano","Bernardo de Armenta (o Armentia). Córdoba, f. s. xv – Santa Catalina (Brasil), 1546. Misionero franciscano, fundador de la Custodia franciscana del Río de la Plata. Arribó a las costas brasileñas en la expedición de Alonso de Cabrera en 1538. Después de permanecer unos años con los Guaraníes de Santa Catalina, en 1541 Alvar Núñez Cabeza de Vaca le exige acompañarlo en su expedición a Paraguay. En el trayecto, Armenta se enemista con Cabeza de Vaca y llegado a Asunción toma partido por Domingo de Irala. Armenta da su versión del conflicto en una carta dirigida al Rey en 1544.",,,
"Francisco de Andrada","Francisco de Andrade","conquistador","iralista","religioso","franciscano","Refiere a Francisco de Andrada, natural de Portugal, primer párroco designado en la iglesia asuceña. Llegó al Río de la Plata con el adelantado Pedro de Mendoza, junto con otros nueve misioneros. Acompañó a Juan de Salazar y Espinosa, en la búsqueda de Juan de Ayolas y Domingo Martínez de Irala. El 15 de agosto de 1537 fue testigo de la fundación de la casa fuerte, Nuestra Señora de la Asunción. Capellán de la iglesia mayor.",,,
"Juan Gabriel de Lescano","Juan Gabriel de Lezcano o Lazcano","conquistador","iralista","religioso","gerónimo","Refiere a Juan Gabriel de Lescano, Lezcano o Lazcano. Natural de Valladolid, clérigo.",,,
"Sancho de Salinas",,"conquistador","iralista",,"alguacil","Refiere a Sancho de Salinas, natural de Cazalla, fue nombrado por Domingo de Irala como alguacil.",,,
"Baltasar de Sevilla",,"conquistador","iralista",,,,,,
"Francisco Romero",,"conquistador","iralista",,,"Portugués, zapatero. Residente de Asunción.",,,
"Gonzalo de Acosta",,"conquistador","iralista",,,"Según Ruy Díaz de Guzmán, una de las hijas de Acosta se casó con Felipe de Cáceres.",,,
"Hernando de Sosa",,"conquistador","iralista",,,,,,
"Juan Vizcaino",,"conquistador","iralista",,,,,,
"Lope Dagarte","Lope Duarte, Lope de Ugarte o Dagarte","conquistador","iralista",,,"Refiere a Lope Duarte, Lope de Ugarte o Dagarte, natural de Vizcaya. Fue apoderado de Domingo de Irala.",,,
"Pedro Doñate",,"conquistador","iralista",,,,,,
"Rodrigo Gomez",,"conquistador","iralista",,,"Acompañó a Martínez de Irala en la expedición hacia la Sierra de La Plata, allí fundaron el puerto de Las Piedras.",,,
"Rodrigo de Osuna",,"conquistador",,"militar",,"Refiere a Rodrigo de Osuna, acompañó a Ñuflo de Chávez en las expediciones hacia los Llanos de Chiquitos, territorio xarayes.",,,
"Antonio de Ayala",,"conquistador",,"administrativo","escribano",,,,
"Juan de Burgos",,"conquistador",,"administrativo","personero","Personero de la ciudad de Asunción.",,,
"Pedro de Aguilera","Aguilera","conquistador",,"administrativo","regidor","Refiere a Pedro de Aguilera, contador real, regidor y encomendero.",,,
"Gonzalo de Alvarado","Gonzalo de Alvarado","conquistador",,"administrativo","tesorero","Refiere a Gonzalo de Alvarado, en 1535 se le otorgó el título de Tesorero. Fue encargado del fuerte de Buena Esperanza a cuatro millas (6,5 km) más al sur de Corpus Christi ( actual Puerto Gaboto o Gaboto, localidad de Santa Fe, Argentina, ubicada a orillas del río Coronda, a 7 km de su desembocadura en el río Paraná). Este fuerte fue destruido por timbúes en 1539.",,,
"Francisco de Peralta",,"conquistador",,"militar","alguacil",,,,
"Rodrigo Garcia","Rodrigo o Ruy García Mosquera","conquistador",,"militar","capitán","Refiere a Rodrigo o Ruy García Mosquera, navegante y colonizador español del siglo XVI. Viajó en la expedición al mando de Sebastián Caboto (partiendo en 1526 de Sevilla).",,,
"Gonzalo de Mendoza","Gonzalo Mendoza de Baeza","conquistador",,"militar","gobernador","Refiere a Gonzalo de Mendoza, Baeza, 1510-Asunción, 1558. Destacado capitán de la armada de Pedro de Mendoza. Realizó varios viajes desde Buenos Aires a la costa de Brasil para obtener bastimentos y trajo consigo náufragos y lenguas de allí. En el Paraguay, fue uno de los primeros capitanes españoles en emparentarse con los caciques carios de las cercanías de Asunción. Ocupó importantes cargos políticos y militares bajo los gobiernos de Domingo de Irala y Álvar Núñez Cabeza de Vaca, como teniente de gobernador y gobernador interino.",,,
"Anton Martin Escaso","Antón Martín, Escaso","conquistador",,"militar",,"Refiere a Anton Martín Escaso o Antón Martín. Natural de Moguer. Según Ruy Díaz, Anton Escaso mató y capturó a Diego de Abreu.",,,
"Luis Osorio","Luis de Osorio","conquistador",,"militar","alcalde","Refiere a Luis de Osorio, fue alcalde de Asunción en 1577, también fue el primer alcalde de Villa Rica del Espíritu Santo.",,,
"Francisco de Ribera","Francisco de Rivera, Francisco Ribera","conquistador",,"militar",,"Refiere a Francisco de Ribera, capitán originario de Ciudad Real.",,,
"Francisco de Zamora",,"conquistador",,"militar",,"Recibió tierras por parte de Juan de Garay y Domingo de Irala, tuvo varios inconvenientes con los indígenas de la región.",,,
"Jacomé Luis",,"conquistador",,"militar",,"Piloto portugués con cédula real.",,,
"Jaime Rasquin",,"conquistador",,"militar",,"Refiere a Jaime Resquin, valenciano, procurador de la provincia Viajó al Río de la Plata, con la expedición de Núñez Cabeza de Vaca. En 1557, la Corona española hace una Capitulación de población y asentamiento, determina que se funden cuatro ciudades, puerto de São Francisco y el puerto de Patos, y que dejen  de  pertenecer a  la  gobernación  del  Paraguay  y  se integren en la nueva gobernación de Resquin, la del Río de la Plata, pero por ofrecimientos ventajosos, el título de Adelantado lo tomó Juan de Sanabria.",,,
"Leon Pancaldo",,"conquistador",,"militar",,"Refiere a Leon Pancaldo, Savona, Italia, 1482. Experimentó en la navegación comerciando en el Mar Mediterráneo. Se enroló en la expedición de Magallanes, como marinero, partiendo en septiembre de 1519, con quienes realizaron la primera circunnavegación del globo. Regresó a su ciudad de origen en 1527, y volvió a América en 1536. Falleció luego de arribar al Río de la Plata,alrededor de 1540, en circunstancias desconocidas.",,,
"Pedro de Castro",,"conquistador",,"militar",,"Refiere a Pedro de Castro, natural de Ecija.",,,
"Sebastián Gaboto","Sebastían Caboto","conquistador",,"militar",,"Refiere a Sebastián Caboto (1477-1557), piloto y explorador de las coronas de España e Inglaterra. El propósito inicial de su expedición de 1526 era repetir la circunnavegación de Magallanes, pero decidió alterar el rumbo de su armada atraído por las noticias recolectadas en la costa brasileña, que indicaban la existencia de una sierra argentífera remontando el río austral. Con sus tripulantes exploraron la región hasta los ataques de los indios y la falta de bastimentos lo obligaron a abandonar la expedición.",,,
"Martin Gonzalez Fonseca","Martín González","conquistador",,"religioso",,"Refiere al párroco Martín González, natural de Villarrubia. En 1540 salió del Puerto de Cádiz rumbo a América. Participó de la expedición de Álvar Núñez Cabeza de Vaca. Fue un acérrimo defensor de los indios por los maltratos y vejámenes impartidos denunciándolos ante la Corona española.",,,
"Domingo Martínez","Martinez","conquistador",,"religioso",,"Refiere a Domingo Martínez, bachiller, luego se ordenó como cura de Encarnación, actuó como mediador en diversos conflictos. Estuvo presente en la fundación de Asunción y en la elección del capitán Irala para Teniente de Gobernador del Río de la Plata y luego partió hacia Brasil, en donde ingresó en la Compañía de Jesús en 1553.",,,
"Martin Canos",,"conquistador",,,"fiador",,,,
"Hernando de Ribera",,"conquistador",,,"lengua","Refiere a Hernando de Ribera, conquistador, constructor de barcos, piloto de bergantín e intérprete, dado sus conocimientos de algunas lenguas nativas, como el guaraní. Fue uno de los primeros regidores de la ciudad de Asunción. Sirvió en varias entradas al Chaco, en particular en la que condujo Cabeza de Vaca en 1544. Una relación atribuida a él, que se condice con una declaración secreta que realizó en Asunción a los partidarios de Cabeza de Vaca en 1545 fue publicada por el segundo adelantado en sus Comentarios.",,,
"Agustin de Madrid",,"conquistador",,,,,,,
"Andrés Montalvo",,"conquistador",,,,,,,
"Antonio Pineda",,"conquistador",,,,,,,
"Antonio de Ayala",,"conquistador",,,,,,,
"Bernardo de Castañeda",,"conquistador",,,,,,,
"Damian Dorias",,"conquistador",,,,,,,
"Carlos Dubrin","Dubrin","conquistador",,,,"Refiere a Carlos Dubrin, hermano de leche del rey Carlos I de España y Carlos V del Sacro Imperio Romano Germánico. Llega al Rio de la Plata con la expedición de Pedro de Mendoza. Luego de la partida de este, quedó a cargo de la población bajo las órdenes de Don Francisco Ruíz de Galán.",,,
"Diego portugues",,"conquistador",,,,,,,
"Estevan de Vallejos",,"conquistador",,,,,,,
"Francisco Gimenes",,"conquistador",,,,,,,
"Francisco Gonzalez Paniagua",,"conquistador",,,,,,,
"Francisco Perez",,"conquistador",,,,,,,
"Francisco Ruiz",,"conquistador",,,,,,,
"Francisco de Ontiveros",,"conquistador",,,,"Refiere a Francisco de Ontiveros. Recibió tierras por parte de Juan de Garay y Domingo de Irala, tuvo varios inconvenientes con los indígenas de la región.",,,
"Francisco de Sepulveda",,"conquistador",,,,,,,
"Francisco Gimenes",,"conquistador",,,,,,,
"Francisco Lopez",,"conquistador",,,,,,,
"Francisco Palomino","Palomino","conquistador",,,,,,,
"Francisco Perez",,"conquistador",,,,,,,
"Francisco Sanchez",,"conquistador",,,,,,,
"Gonsalo Chave",,"conquistador",,,,,,,
"Gonzalo Moraño","Gonzalo Pérez Morano","conquistador",,,,"Refiere a Gonzalo Pérez Morano, natural de Lepe. Lengua.",,,
"Gonzalo Rodriguez",,"conquistador",,,,,,,
"Hernando Barrio Nuevo",,"conquistador",,,,,,,
"Juan Perez",,"conquistador",,,,,,,
"Juan Ruiz",,"conquistador",,,,,,,
"Juan de Santiago",,"conquistador",,,,,,,
"Juan Hernandez",,"conquistador",,,,,,,
"Leonardo Aleman","Leonardo","conquistador",,,,"Refiere a Leonardo Aleman.",,,
"Luis de Vaillo","Vayllo","conquistador",,,,,,,
"Miguel Herrero",,"conquistador",,,,,,,
"Nuño Cabrera",,"conquistador",,,,"Formaba parte de la expedición de Álvar Núñez Cabeza de Vaca.",,,
"Pedro Gallego",,"conquistador",,,,,,,
"Pero Bocanegra",,"conquistador",,,,,,,
"Pero Mendez",,"conquistador",,,,,,,
"Tristan de Ballartas","Tristán Vallarias, Vallartas o Ballartas","conquistador",,,,"Refiere a Tristán Vallarias, Vallartas o Ballartas.",,,
"Chaneses",,"indio","guaraní",,,"Refiere a los Chanés, en guaraní tapii: esclavo. También llamados izoceños o isoseños. Constituyen la fracción menos guaranizada del pueblo ava guaraní o chiriguano, formada sobre la base de una etnia de origen arahuaco del Chaco occidental, que hace unos 2500 años abandonó la región de Guayanas migrando al sur. Una de sus parcialidades se estableció en los Llanos de Manso en el noroeste chaquense de Argentina y al sur de Bolivia, se mixogenizó con grupos guaraníes y luego migró hacia el sur.",,,
"Carios",,"indio","guaraní",,,"Parcialidad guaraní en las proximidades de la ciudad de Asunción. Es frecuente que se utilice su nombre para denominar a todos los guaraníes.",,"creo que serían aliados, porque en párr. 9 dice que mataron a los agaces junto a españoles",
"Lorenzo Moquirara","Moquirara, Moquirára, Moquiracé o Moquiraci","indio","guaraní",,,"Refiere a Lorenzo Moquiracé o Moquiraci, cacique guaraní. Fue padre de la mujer de Garci Venegas, abuelo de Isabel Venegas.",,,
"Tinbuay",,"indio","guaraní",,,"Refiere al cacique guaraní Timbuay, de lo que es la actual región de Mbocayaty del Guairá, Paraguay.",,,
"Xaralles","Xaquetes,Xarayes, Jarayes o guató","indio","guató",,,"Refiere a Xarayes, Jarayes o guató, grupo étnico nómada del sureste de Brasil cerca de la frontera con Bolivia y Paraguay. Actualmente viven a lo largo del río Paraguay que discurre por la frontera entre Brasil y Bolivia. Su lengua el idioma guató se ha relacionado con las lenguas macro-yê.",,,
"Indio orejon",,"indio","inca",,,"Refiere a una persona de la nobleza dentro de las culturas incaicas.",,,
"Tarapecoas",,"indio","inca",,,"Refiere a las poblaciones de Pica y Tarapaca, que pertenecían a un mismo ayllu o nación al territorio. Se trataba de una jurisdicción provincial —unidad administrativa en términos económicos, demográficos y culturales— consistente por la coalición de cacicazgos promovida por la política cusqueña.",,,
"Pedro de Mendoza","Pedro Mendoza","indio","iralista",,,"Refiere a un indio llamado Pedro de Mendoza.",,,
"Guaycarias",,"indio","mataco-guaycurú","guaycurú",,"Refiere a la etnia guaycurúes.",,,
"Guajarapos",,"indio","mataco-guaycurú","guaycurú",,"Refiere a Guachís, Guajarapos,Guarapayó, Guasarapó, Bascheroposs o Guaxarapó, pequeñas tribus del Paraguay, establecida en un paraje cenagoso, al sur de los Xarayes. Pertenecen al grupo lingüístico guaycurú.",,,
"Abacote",,"indio","mataco-guaycurú",,,"Cacique de la comunidad de Agaces",,,
"Agaces",,"indio","mataco-guaycurú",,,"Sociedad nativa que habitaba en el curso inferior del río Paraguay. Pertenecían al tronco lingüístico mataco-guaycurú, eran muy hábiles canoeros y pescadores. Solían tener conflictos con los guaraníes carios que vivían río arriba y luego por extensión con los cristianos de Asunción.",,"en párr. 9 dice que los mataron con los carios.",
"Payaguás",,"indio","mataco-guaycurú",,,"Etnia payaguaes, parte del grupo lingüístico mataco-guaycurú, poblaban el Chaco Boreal, Paraguay, de la familia guaycurú. El nombre payaguá no es el que ellos mismos se daban sino el que con cierto matiz peyorativo le dieron sus rivales y enemigos: los guaraníes. Urlico Schmidel los denominaba de diferentes formas: llamándolos aigeiss, aigas, aeiges, aygass, aygas y aygaysen.",,,
"Juan Perez",,"indio",,,,"Intérprete o lengua, traido por Gonzalo de Mendoza de Brasil.",,,
